{
  "meta": {
    "raw_dir": "data/triples/raw-zs-recheck",
    "gold_path": "data/eval/gold_triples.json",
    "evaluated_at": "2026-05-06T11:02:54.827868Z",
    "gold_total_triples": 500,
    "gold_covered_chunks": 186,
    "chunks_matched_raw": 182,
    "chunks_missing_raw": 4,
    "raw_total_triples": 397
  },
  "metrics": {
    "entity": {
      "pred_count": 425,
      "gold_count": 594,
      "tp": 170,
      "fp": 255,
      "fn": 424,
      "precision": 0.4,
      "recall": 0.28619528619528617,
      "f1": 0.33366045142296363
    },
    "triple": {
      "pred_count": 365,
      "gold_count": 500,
      "tp": 60,
      "fp": 305,
      "fn": 440,
      "precision": 0.1643835616438356,
      "recall": 0.12,
      "f1": 0.13872832369942198
    },
    "relation": {
      "pred_count": 60,
      "gold_count": 41,
      "tp": 33,
      "fp": 27,
      "fn": 8,
      "precision": 0.55,
      "recall": 0.8048780487804879,
      "f1": 0.6534653465346535
    },
    "attribute_accuracy": {
      "head_type": {
        "total": 105,
        "correct": 91,
        "accuracy": 0.8666666666666667
      },
      "tail_type": {
        "total": 105,
        "correct": 79,
        "accuracy": 0.7523809523809524
      },
      "relation": {
        "total": 105,
        "correct": 90,
        "accuracy": 0.8571428571428571
      }
    }
  }
}