{
  "pred_path": "data/triples/merged-eval-gold500/zs-recheck/merged_triples.json",
  "gold_path": "data/eval/gold_triples.json",
  "pred_entities": 1111,
  "gold_entities": 594,
  "pred_triples": 314,
  "gold_triples": 500,
  "entity": {
    "strict": {
      "tp": 305,
      "fp": 806,
      "fn": 289,
      "precision": 0.2745274527452745,
      "recall": 0.5134680134680135,
      "f1": 0.35777126099706746
    },
    "name_norm": {
      "tp": 316,
      "fp": 780,
      "fn": 271,
      "precision": 0.28832116788321166,
      "recall": 0.5383304940374787,
      "f1": 0.37551990493166965
    },
    "alias": {
      "tp": 327,
      "fp": 2245,
      "fn": 260,
      "precision": 0.12713841368584758,
      "recall": 0.5570698466780238,
      "f1": 0.2070275403608737
    }
  },
  "triple": {
    "strict": {
      "tp": 56,
      "fp": 258,
      "fn": 444,
      "precision": 0.17834394904458598,
      "recall": 0.112,
      "f1": 0.1375921375921376
    },
    "name_norm": {
      "tp": 56,
      "fp": 257,
      "fn": 444,
      "precision": 0.17891373801916932,
      "recall": 0.112,
      "f1": 0.13776137761377613
    },
    "alias": {
      "tp": 56,
      "fp": 257,
      "fn": 444,
      "precision": 0.17891373801916932,
      "recall": 0.112,
      "f1": 0.13776137761377613
    },
    "substring": {
      "tp": 75,
      "fp": 240,
      "fn": 425,
      "precision": 0.23809523809523808,
      "recall": 0.15,
      "f1": 0.18404907975460125
    },
    "head_relation": {
      "tp": 184,
      "fp": 182,
      "fn": 316,
      "precision": 0.5027322404371585,
      "recall": 0.368,
      "f1": 0.42494226327944573
    }
  },
  "relation_level": {
    "tp": 34,
    "fp": 8,
    "fn": 7,
    "precision": 0.8095238095238095,
    "recall": 0.8292682926829268,
    "f1": 0.8192771084337348
  }
}